speciality,title,company,salary,summary,description
Ingénierie Informatique et Réseaux,Ingénieur Développement Mécatronique/électronique/informatique industrielle (C/Python),Confidental Company,Non spécifié,Non spécifié,Non spécifié
Ingénierie Informatique et Réseaux,Ingénieur réseaux et télécommunications débutant,TLS GROUPE,Non spécifié,Non spécifié,Non spécifié
Ingénierie Informatique et Réseaux,Technicien it / tanger,BEST PROFIL,Non spécifié,Non spécifié,Non spécifié
Ingénierie Informatique et Réseaux,STAGE : INGÉNIEUR DEVSECOPS AWS (H/F) - MAROC,VNB-IT,Non spécifié,Non spécifié,Non spécifié
Ingénierie Informatique et Réseaux,Offre: Expert en Réseaux Informatiques et Télécoms - Freelance,SKYLARK SERVICES,Non spécifié,Non spécifié,Non spécifié
Ingénierie Informatique et Réseaux,Developer Apside Maroc/Portugal,Apside,Non spécifié,Non spécifié,Non spécifié
Ingénierie Informatique et Réseaux,Offre d’emploi Consultant Technico fonctionnel,SIS Consultants,Non spécifié,Non spécifié,Non spécifié
Ingénierie Informatique et Réseaux,Mathématiques informatiques pour l’IA,Ecole Centrale Paris,Non spécifié,Non spécifié,Non spécifié
Ingénierie Informatique et Réseaux,Offre: Développement FullStack JAVA/J2EE - Rabat,SKYLARK SERVICES,Non spécifié,Non spécifié,Non spécifié
Ingénierie Informatique et Réseaux,Offre: Ingénieur RUN Infrastructure,VISION BUSINESS CONSULTING,Non spécifié,Non spécifié,Non spécifié
Ingénierie Informatique et Réseaux,Génie industriel,Ecole Centrale Paris,Non spécifié,Non spécifié,Non spécifié
Ingénierie Informatique et Réseaux,Offre: Tech Lead Front End JS (React et Node),VISION BUSINESS CONSULTING,Non spécifié,Non spécifié,Non spécifié
Ingénierie Informatique et Réseaux,DESSINATEUR/PROJETEUR FTH/FRANCE,NOUKATEL,Non spécifié,Non spécifié,Non spécifié
Ingénierie Informatique et Réseaux,Architecte Filaire Expert Télécom – Réseaux & Câbles (REMOTE),Reactive Talents,Non spécifié,Non spécifié,Non spécifié
Ingénierie Informatique et Réseaux,Offre: DEVELOPPEUR FULLSTACK H/F - CASABLANCA,DAMA,Non spécifié,Non spécifié,Non spécifié
Ingénierie Informatique et Réseaux,Ingénieur Développement Mécatronique/électronique/informatique industrielle (C/Python),Confidental Company,Non spécifié,Non spécifié,Non spécifié
Ingénierie Informatique et Réseaux,Ingénieur réseaux et télécommunications débutant,TLS GROUPE,Non spécifié,Non spécifié,Non spécifié
Ingénierie Informatique et Réseaux,Technicien it / tanger,BEST PROFIL,Non spécifié,Non spécifié,Non spécifié
Ingénierie Informatique et Réseaux,Offre: Expert en Réseaux Informatiques et Télécoms - Freelance,SKYLARK SERVICES,Non spécifié,Non spécifié,Non spécifié
Ingénierie Informatique et Réseaux,STAGE : INGÉNIEUR DEVSECOPS AWS (H/F) - MAROC,VNB-IT,Non spécifié,Non spécifié,Non spécifié
Ingénierie Informatique et Réseaux,Offre: Développement FullStack JAVA/J2EE - Rabat,SKYLARK SERVICES,Non spécifié,Non spécifié,Non spécifié
Ingénierie Informatique et Réseaux,Offre: Ingénieur RUN Infrastructure,VISION BUSINESS CONSULTING,Non spécifié,Non spécifié,Non spécifié
Ingénierie Informatique et Réseaux,Offre: Tech Lead Front End JS (React et Node),VISION BUSINESS CONSULTING,Non spécifié,Non spécifié,Non spécifié
Ingénierie Informatique et Réseaux,Offre: DEVELOPPEUR FULLSTACK H/F - CASABLANCA,DAMA,Non spécifié,Non spécifié,Non spécifié
Ingénierie Informatique et Réseaux,Developer Apside Maroc/Portugal,Apside,Non spécifié,Non spécifié,Non spécifié
Ingénierie Informatique et Réseaux,DESSINATEUR/PROJETEUR FTH/FRANCE,NOUKATEL,Non spécifié,Non spécifié,Non spécifié
Ingénierie Informatique et Réseaux,Offre d’emploi Consultant Technico fonctionnel,SIS Consultants,Non spécifié,Non spécifié,Non spécifié
Ingénierie Informatique et Réseaux,Génie industriel,Ecole Centrale Paris,Non spécifié,Non spécifié,Non spécifié
Ingénierie Informatique et Réseaux,Architecte Filaire Expert Télécom – Réseaux & Câbles (REMOTE),Reactive Talents,Non spécifié,Non spécifié,Non spécifié
Ingénierie Informatique et Réseaux,Mathématiques informatiques pour l’IA,Ecole Centrale Paris,Non spécifié,Non spécifié,Non spécifié
Ingénierie Informatique et Réseaux,ingénieur informatique,Ingénieur en Informatique Junior,WB&C-SMARTEEZ,Non spécifié,Non spécifié,Non spécifié
Ingénierie Informatique et Réseaux,ingénieur informatique,Ingénieur d’état en fluides,Entreprise G,Non spécifié,Non spécifié,Non spécifié
Ingénierie Informatique et Réseaux,ingénieur informatique,Ingénieur Développement Mécatronique/électronique/informatique industrielle (C/Python),Confidental Company,Non spécifié,Non spécifié,Non spécifié
Ingénierie Informatique et Réseaux,ingénieur informatique,Ingénieur étude et développement informatique,Sypex,Non spécifié,Non spécifié,Non spécifié
Ingénierie Informatique et Réseaux,ingénieur informatique,Ingénieur Développement Python (REF13),Trusted Advisors,Non spécifié,Non spécifié,Non spécifié
Ingénierie Informatique et Réseaux,ingénieur informatique,Ingénieur étude et développement (BI),HiiT Consulting,Non spécifié,Non spécifié,Non spécifié
Ingénierie Informatique et Réseaux,ingénieur informatique,Ingénieur Projet,Kohler,Non spécifié,Non spécifié,Non spécifié
Ingénierie Informatique et Réseaux,ingénieur informatique,Ingénieur en électricité,Smart Lighting Install,Non spécifié,Non spécifié,Non spécifié
Ingénierie Informatique et Réseaux,ingénieur informatique,Offre: Ingénieur(e) informatique symfony/angular,NORSYS Afrique,Non spécifié,Non spécifié,Non spécifié
Ingénierie Informatique et Réseaux,ingénieur informatique,Data analyst,HELICONIA AFRICA DEVELOPMENT,Non spécifié,Non spécifié,Non spécifié
Ingénierie Informatique et Réseaux,ingénieur informatique,Ingénieur Exploitation Cloud et Systèmes ( H/F),Deloitte,Non spécifié,Non spécifié,Non spécifié
Ingénierie Informatique et Réseaux,ingénieur informatique,Ingénieur étude et développement (Front-End),HiiT Consulting,Non spécifié,Non spécifié,Non spécifié
Ingénierie Informatique et Réseaux,ingénieur informatique,Stagiaire PFE Informatique & Développement Web,Bertrandt AG,Non spécifié,Non spécifié,Non spécifié
Ingénierie Informatique et Réseaux,ingénieur informatique,Ingénieur Laboratoire R&D,DRC,Non spécifié,Non spécifié,Non spécifié
Ingénierie Informatique et Réseaux,ingénieur informatique,Ingénieur d'études (CSC BO) F/H,Safran,Non spécifié,Non spécifié,Non spécifié
Ingénierie Informatique et Réseaux,ingénieur informatique,Ingénieur en Informatique Junior,WB&C-SMARTEEZ,Non spécifié,Non spécifié,Non spécifié
Ingénierie Informatique et Réseaux,ingénieur informatique,ingénieur en développement informatique (Secteur Bancaire),Interface,Non spécifié,Non spécifié,Non spécifié
Ingénierie Informatique et Réseaux,ingénieur informatique,Ingénieur étude et développement informatique,Sypex,Non spécifié,Non spécifié,Non spécifié
Ingénierie Informatique et Réseaux,ingénieur informatique,Finashore filiale de la Bank of africa recrute : Ingénieur Réseau / Technicien Informatique,Finashore,Non spécifié,Non spécifié,Non spécifié
Ingénierie Informatique et Réseaux,ingénieur informatique,Ingénieur,CKOFI,Non spécifié,Non spécifié,Non spécifié
Ingénierie Informatique et Réseaux,ingénieur informatique,INGÉNIEUR EN DÉVELOPPEMENT INFORMATIQUE,IFCAR SOLUTIONS,Non spécifié,Non spécifié,Non spécifié
Ingénierie Informatique et Réseaux,ingénieur informatique,Ingénieur si,CIRES,Non spécifié,Non spécifié,Non spécifié
Ingénierie Informatique et Réseaux,ingénieur informatique,Ingénieur Développeur Front-End (React.js),WB&C-SMARTEEZ,Non spécifié,Non spécifié,Non spécifié
Ingénierie Informatique et Réseaux,ingénieur informatique,Offre: Ingénieur(e) informatique symfony/angular,NORSYS Afrique,Non spécifié,Non spécifié,Non spécifié
Ingénierie Informatique et Réseaux,ingénieur informatique,Ingénieur Projet,Kohler,Non spécifié,Non spécifié,Non spécifié
Ingénierie Informatique et Réseaux,ingénieur informatique,Ingénieur réseaux et télécommunications débutant,TLS GROUPE,Non spécifié,Non spécifié,Non spécifié
Ingénierie Informatique et Réseaux,ingénieur informatique,Ingénieur Réseaux et Télécoms Junior - Casablanca,ECA Assurances,Non spécifié,Non spécifié,Non spécifié
Ingénierie Informatique et Réseaux,ingénieur informatique,Ingénieur étude et développement (Back-End),HiiT Consulting,Non spécifié,Non spécifié,Non spécifié
Ingénierie Informatique et Réseaux,ingénieur informatique,Ingénieur DATA en CDI,Trusted Advisors,Non spécifié,Non spécifié,Non spécifié
Ingénierie Informatique et Réseaux,ingénieur informatique,Exploitant informatique,Digora,Non spécifié,Non spécifié,Non spécifié
Ingénierie Informatique et Réseaux,ingénieur réseaux,Ingénieur Réseaux et Télécoms Junior H/F,ECA ASSURANCES,Non spécifié,Non spécifié,Non spécifié
Ingénierie Informatique et Réseaux,ingénieur informatique,Ingénieur en Informatique Junior,WB&C-SMARTEEZ,Non spécifié,Non spécifié,Non spécifié
Ingénierie Informatique et Réseaux,développeur fullstack,Développeur fullstack,Pyramide app,Non spécifié,Non spécifié,Non spécifié
Ingénierie Informatique et Réseaux,ingénieur réseaux,Ingénieur Projet Rail - Junior,Egis Group,Non spécifié,Non spécifié,Non spécifié
Ingénierie Informatique et Réseaux,ingénieur informatique,Ingénieur étude et développement informatique,Sypex,Non spécifié,Non spécifié,Non spécifié
Ingénierie Informatique et Réseaux,développeur fullstack,"Développeur Java Fullstack /Angular, React & Spring (REF13)",Trusted Advisors,Non spécifié,Non spécifié,Non spécifié
Ingénierie Informatique et Réseaux,ingénieur réseaux,Ingénieur télécoms et réseaux,Qalqul engine,Non spécifié,Non spécifié,Non spécifié
Ingénierie Informatique et Réseaux,développeur fullstack,Développeur Fullstack .NET/ REACT,Matys Support Services SA,Non spécifié,Non spécifié,Non spécifié
Ingénierie Informatique et Réseaux,ingénieur informatique,Ingénieur Développeur Front-End (React.js),WB&C-SMARTEEZ,Non spécifié,Non spécifié,Non spécifié
Ingénierie Informatique et Réseaux,ingénieur réseaux,Ingénieur Réseaux et Systèmes de Sécurité,ESDATA,Non spécifié,Non spécifié,Non spécifié
Ingénierie Informatique et Réseaux,développeur fullstack,Développeur FullStack Java Angular | Devoteam Maroc Nearshore,Devoteam Morocco,Non spécifié,Non spécifié,Non spécifié
Ingénierie Informatique et Réseaux,ingénieur informatique,Finashore filiale de la Bank of africa recrute : Ingénieur Réseau / Technicien Informatique,Finashore,Non spécifié,Non spécifié,Non spécifié
Ingénierie Informatique et Réseaux,ingénieur réseaux,Ingénieur Systèmes et Réseaux,Winxo,Non spécifié,Non spécifié,Non spécifié
Ingénierie Informatique et Réseaux,développeur fullstack,Offre: Ingénieur développeur nodejs / angular,Cloud ECO,Non spécifié,Non spécifié,Non spécifié
Ingénierie Informatique et Réseaux,ingénieur informatique,ingénieur en développement informatique (Secteur Bancaire),Interface,Non spécifié,Non spécifié,Non spécifié
Ingénierie Informatique et Réseaux,ingénieur réseaux,Ingénieur réseaux et télécommunications débutant,TLS GROUPE,Non spécifié,Non spécifié,Non spécifié
Ingénierie Informatique et Réseaux,développeur fullstack,Développeur Senior Fullstack (,Giantlink,Non spécifié,Non spécifié,Non spécifié
Ingénierie Informatique et Réseaux,ingénieur informatique,Ingénieur Projet,Kohler,Non spécifié,Non spécifié,Non spécifié
Ingénierie Informatique et Réseaux,ingénieur réseaux,Ingénieur Réseaux et Télécoms Junior - Casablanca,ECA Assurances,Non spécifié,Non spécifié,Non spécifié
Ingénierie Informatique et Réseaux,développeur fullstack,DÉVELOPPEUR JAVA FULLSTACK (H/F),label vie,Non spécifié,Non spécifié,Non spécifié
Ingénierie Informatique et Réseaux,ingénieur informatique,Ingénieur,CKOFI,Non spécifié,Non spécifié,Non spécifié
Ingénierie Informatique et Réseaux,ingénieur réseaux,INGÉNIEUR RÉSEAUX ET TÉLÉCOMS (H/F),IFCAR SOLUTIONS,Non spécifié,Non spécifié,Non spécifié
Ingénierie Informatique et Réseaux,développeur fullstack,Offre: DEVELOPPEUR FULLSTACK H/F - CASABLANCA,DAMA,Non spécifié,Non spécifié,Non spécifié
Ingénierie Informatique et Réseaux,ingénieur informatique,Ingénieur étude et développement (Back-End),HiiT Consulting,Non spécifié,Non spécifié,Non spécifié
Ingénierie Informatique et Réseaux,ingénieur réseaux,Ingénieur Réseaux et Telecom (REFX),Trusted Advisors,Non spécifié,Non spécifié,Non spécifié
Ingénierie Informatique et Réseaux,développeur fullstack,Développeur Back-end,INDATACORE,Non spécifié,Non spécifié,Non spécifié
Ingénierie Informatique et Réseaux,ingénieur informatique,Exploitant informatique,Digora,Non spécifié,Non spécifié,Non spécifié
Ingénierie Informatique et Réseaux,ingénieur réseaux,"Ingénieur systèmes et réseaux, H/F",NEXTDEFENSE,Non spécifié,Non spécifié,Non spécifié
Ingénierie Informatique et Réseaux,développeur fullstack,Développeur Fullstack .NET,ATOS,Non spécifié,Non spécifié,Non spécifié
Ingénierie Informatique et Réseaux,ingénieur informatique,Ingénieur DATA en CDI,Trusted Advisors,Non spécifié,Non spécifié,Non spécifié
Ingénierie Informatique et Réseaux,ingénieur réseaux,Ingénieur Exploitation Cloud et Systèmes ( H/F),Deloitte,Non spécifié,Non spécifié,Non spécifié
Ingénierie Informatique et Réseaux,ingénieur informatique,INGÉNIEUR EN DÉVELOPPEMENT INFORMATIQUE,IFCAR SOLUTIONS,Non spécifié,Non spécifié,Non spécifié
Ingénierie Informatique et Réseaux,développeur fullstack,Offre: Développement FullStack JAVA/J2EE - Rabat,SKYLARK SERVICES,Non spécifié,Non spécifié,Non spécifié
Ingénierie Informatique et Réseaux,ingénieur réseaux,Ingénieur IP & Telecom,Mobitcom,Non spécifié,Non spécifié,Non spécifié
Ingénierie Informatique et Réseaux,développeur fullstack,Développeur FullStack Java-React sénior Maroc H/F,Inventiv IT,Non spécifié,Non spécifié,Non spécifié
Ingénierie Informatique et Réseaux,ingénieur informatique,Ingénieur si,CIRES,Non spécifié,Non spécifié,Non spécifié
Ingénierie Informatique et Réseaux,ingénieur réseaux,Ingénieur SI,Fondation cheikh khalifa ibn zaid,Non spécifié,Non spécifié,Non spécifié
Ingénierie Informatique et Réseaux,développeur fullstack,Offre: Tech Lead Front End JS (React et Node),VISION BUSINESS CONSULTING,Non spécifié,Non spécifié,Non spécifié
Ingénierie Informatique et Réseaux,ingénieur informatique,Ingénieur(e) Technico-Fonctionnel(le) Junior & Confirmé(e) – Casablanca,Entreprise SA,Non spécifié,Non spécifié,Non spécifié
Ingénierie Informatique et Réseaux,ingénieur informatique,Ingénieur Réseaux et Télécoms Junior H/F,ECA ASSURANCES,Non spécifié,Non spécifié,Non spécifié
Ingénierie Informatique et Réseaux,ingénieur réseaux,Ingénieur réseau et télécom,CIH Bank,Non spécifié,Non spécifié,Non spécifié
Ingénierie Informatique et Réseaux,développeur fullstack,développeur Front Angular,Devoteam,Non spécifié,Non spécifié,Non spécifié
Ingénierie Informatique et Réseaux,ingénieur informatique,Chargé Développement Informatique (H/F),ifcarsolutions,Non spécifié,Non spécifié,Non spécifié
Ingénierie Informatique et Réseaux,ingénieur réseaux,Ingénieur Réseaux & Télécoms,EXTREME AGENCY,Non spécifié,Non spécifié,Non spécifié
Ingénierie Informatique et Réseaux,développeur fullstack,Offre: Senior Javascript / ReactJS Developer International Team,IMEDIA24GMBH/ACANDO,Non spécifié,Non spécifié,Non spécifié
Génie Électrique et Systèmes Intelligents,ingénieur électrotechnique,Ingénieur,CKOFI,Non spécifié,Non spécifié,Non spécifié
Génie Électrique et Systèmes Intelligents,smart grid,Offre: Sales Representative Morocco,SOLARITY S.R.O.,Non spécifié,Non spécifié,Non spécifié
Génie Électrique et Systèmes Intelligents,automatisme,Technicien Maintenance,CRIT MAROC,Non spécifié,Non spécifié,Non spécifié
Génie Électrique et Systèmes Intelligents,ingénieur électrotechnique,Ingénieur process - expertise 0h F/H,Safran,Non spécifié,Non spécifié,Non spécifié
Génie Électrique et Systèmes Intelligents,automatisme,Assistant RH H/F,CS Automatisme,Non spécifié,Non spécifié,Non spécifié
Génie Électrique et Systèmes Intelligents,ingénieur électrotechnique,Offre: Ingénieur Chef de Projet / Ingénieur Maintenance,CHAZAL,Non spécifié,Non spécifié,Non spécifié
Génie Électrique et Systèmes Intelligents,IOT,IoT SOLUTIONS ENGINEER ; TELEMATICS,Teltonika,Non spécifié,Non spécifié,Non spécifié
Génie Électrique et Systèmes Intelligents,automatisme,Automaticien H/F,CRIT MAROC,Non spécifié,Non spécifié,Non spécifié
Génie Électrique et Systèmes Intelligents,ingénieur électrotechnique,Ingénieur Technique FOD H/F,Otis,Non spécifié,Non spécifié,Non spécifié
Génie Électrique et Systèmes Intelligents,IOT,Développeur Mobile (REF03),Trusted Advisors,Non spécifié,Non spécifié,Non spécifié
Génie Électrique et Systèmes Intelligents,automatisme,Chargé d'affaire projet,Snop - Groupe FSD,Non spécifié,Non spécifié,Non spécifié
Génie Électrique et Systèmes Intelligents,ingénieur électrotechnique,Responsable maintenance machinerie SIM,Nexans,Non spécifié,Non spécifié,Non spécifié
Génie Électrique et Systèmes Intelligents,IOT,Project Manager - Transformation Digitale,Interface,Non spécifié,Non spécifié,Non spécifié
Génie Électrique et Systèmes Intelligents,automatisme,Électromécanicien des systèmes automatisés/ robotique,FLASTER GROUP,Non spécifié,Non spécifié,Non spécifié
Génie Électrique et Systèmes Intelligents,IOT,Offre: INGENIEUR ELECTRONIQUE & RADIO FREQUENCE - CASABLANCA,DAMA,Non spécifié,Non spécifié,Non spécifié
Génie Électrique et Systèmes Intelligents,ingénieur électrotechnique,INGENIEUR- TECHNICO- COMMERCIAL-ELECTRIQUE,Non spécifié,Non spécifié,Non spécifié,Non spécifié
Génie Électrique et Systèmes Intelligents,automatisme,Process Technician,Voltaira,Non spécifié,Non spécifié,Non spécifié
Génie Électrique et Systèmes Intelligents,IOT,Automation Expert,APM Terminals,Non spécifié,Non spécifié,Non spécifié
Génie Électrique et Systèmes Intelligents,ingénieur électrotechnique,CABLEURS ELECTRIQUE - CASABLANCA - SIDI BERNOUSSI,Dama Services,Non spécifié,Non spécifié,Non spécifié
Génie Électrique et Systèmes Intelligents,automatisme,Technicien Electrique,AkzoNobel,Non spécifié,Non spécifié,Non spécifié
Génie Électrique et Systèmes Intelligents,ingénieur électrotechnique,Chef du service electricité et régulation / casablanca,Filiale,Non spécifié,Non spécifié,Non spécifié
Génie Électrique et Systèmes Intelligents,IOT,Technicien éclairage public,TEC FORGE,Non spécifié,Non spécifié,Non spécifié
Génie Électrique et Systèmes Intelligents,automatisme,Technicien maintenance (débutant) zenatta,ARTUS,Non spécifié,Non spécifié,Non spécifié
Génie Électrique et Systèmes Intelligents,ingénieur électrotechnique,Pilote industrialisation F/H,Safran,Non spécifié,Non spécifié,Non spécifié
Génie Électrique et Systèmes Intelligents,IOT,Technicien Développement IT,SEWS CABIND MAROC,Non spécifié,Non spécifié,Non spécifié
Génie Électrique et Systèmes Intelligents,automatisme,Offre: Technicien Electricité,ASMENT TEMARA,Non spécifié,Non spécifié,Non spécifié
Génie Électrique et Systèmes Intelligents,ingénieur électrotechnique,Technicien ingenierie,industrie,Non spécifié,Non spécifié,Non spécifié
Génie Électrique et Systèmes Intelligents,IOT,Architecte Cloud Azure,AVALIANCE,Non spécifié,Non spécifié,Non spécifié
Génie Électrique et Systèmes Intelligents,automatisme,Chef de projet Ingénierie,Bel Group,Non spécifié,Non spécifié,Non spécifié
Génie Électrique et Systèmes Intelligents,IOT,Consultant Développeur F/H,Viseo,Non spécifié,Non spécifié,Non spécifié
Génie Électrique et Systèmes Intelligents,systèmes embarqués,Ingénieur Développement Mécatronique/électronique/informatique industrielle (C/Python),Confidental Company,Non spécifié,Non spécifié,Non spécifié
Génie Électrique et Systèmes Intelligents,automatisme,Chargée Financière et Audit,CS Automatisme,Non spécifié,Non spécifié,Non spécifié
Génie Électrique et Systèmes Intelligents,IOT,CHEF DU SERVICE TRANSFORMATION DIGITALE (H/F),Al Amana Microfinance,Non spécifié,Non spécifié,Non spécifié
Génie Électrique et Systèmes Intelligents,systèmes embarqués,Stagiaire PFE Électronique & Systèmes embarqués,Bertrandt AG,Non spécifié,Non spécifié,Non spécifié
Génie Électrique et Systèmes Intelligents,automatisme,Technicien en automatisation,SETEXAM,Non spécifié,Non spécifié,Non spécifié
Génie Électrique et Systèmes Intelligents,systèmes embarqués,Offre: Ingenieur en electronique embarquée h/f,FAAR Industry Maroc,Non spécifié,Non spécifié,Non spécifié
Génie Électrique et Systèmes Intelligents,IOT,Azure Cloud Engineer (W/M),Bertrandt AG,Non spécifié,Non spécifié,Non spécifié
Génie Électrique et Systèmes Intelligents,systèmes embarqués,Offre: INGENIEUR ELECTRONIQUE & RADIO FREQUENCE - CASABLANCA,DAMA,Non spécifié,Non spécifié,Non spécifié
Génie Électrique et Systèmes Intelligents,automatisme,Technicien en courant faible et électricien,COMMUNICATION SYSTEM,Non spécifié,Non spécifié,Non spécifié
Génie Électrique et Systèmes Intelligents,IOT,Consultant(e) Services Financiers,Sia,Non spécifié,Non spécifié,Non spécifié
Génie Électrique et Systèmes Intelligents,systèmes embarqués,Technicien(ne) Informatique F/H,Safran,Non spécifié,Non spécifié,Non spécifié
Génie Électrique et Systèmes Intelligents,automatisme,Technicien Maintenance Machine,Eaton,Non spécifié,Non spécifié,Non spécifié
Génie Électrique et Systèmes Intelligents,IOT,Offre: Ingénieur Informatique et Commercial ( H/F),PERCALL DEVELOPPEMENT,Non spécifié,Non spécifié,Non spécifié
Génie Électrique et Systèmes Intelligents,systèmes embarqués,Development Engineer Electric/Electronics,AVL Maroc SARL AU,Non spécifié,Non spécifié,Non spécifié
Génie Électrique et Systèmes Intelligents,automatisme,Technicien maintenance,KA PREFA,Non spécifié,Non spécifié,Non spécifié
Génie Électrique et Systèmes Intelligents,systèmes embarqués,INGENIEUR AMELIORATION CONTINUE F/H,Safran,Non spécifié,Non spécifié,Non spécifié
Génie Électrique et Systèmes Intelligents,IOT,Développeur WEB (REF03),Trusted Advisors,Non spécifié,Non spécifié,Non spécifié
Génie Électrique et Systèmes Intelligents,IOT,Agent de terrain,TEC FORGE,Non spécifié,Non spécifié,Non spécifié
Génie Électrique et Systèmes Intelligents,systèmes embarqués,Stagiaires PFE – Ingénierie (H/F),Segula Technologies,Non spécifié,Non spécifié,Non spécifié
Génie Électrique et Systèmes Intelligents,systèmes embarqués,Ingénieur d'études expérimenté,Safran,Non spécifié,Non spécifié,Non spécifié
Génie Électrique et Systèmes Intelligents,systèmes embarqués,"Electric, Electronic & SW dev & testing engineer (HIL)",AVL Maroc SARL AU,Non spécifié,Non spécifié,Non spécifié
Génie Électrique et Systèmes Intelligents,systèmes embarqués,Stagiaires projets Expleo Maroc,Expleo,Non spécifié,Non spécifié,Non spécifié
Génie Électrique et Systèmes Intelligents,systèmes embarqués,Ingénieur Méthodes,Safran,Non spécifié,Non spécifié,Non spécifié
Génie Électrique et Systèmes Intelligents,systèmes embarqués,Technicien Calibration H/F,Segula Technologies,Non spécifié,Non spécifié,Non spécifié
Génie Électrique et Systèmes Intelligents,systèmes embarqués,TECHNICIEN CAO (H/F) F/H,Safran,Non spécifié,Non spécifié,Non spécifié
Génie Électrique et Systèmes Intelligents,systèmes embarqués,Technicien qualité produit F/H,Safran,Non spécifié,Non spécifié,Non spécifié
Génie Industriel,lean manufacturing,Agent lean manufacturing,CRIT,Non spécifié,Non spécifié,Non spécifié
Génie Industriel,gestion de production,Contrôleur de gestion industriel junior F/H,Safran,Non spécifié,Non spécifié,Non spécifié
Génie Industriel,supply chain,"Specialist, Supply Chain & Logistics",YAZAKI Corporation,Non spécifié,Non spécifié,Non spécifié
Génie Industriel,lean manufacturing,Process Engineer,International Paper,Non spécifié,Non spécifié,Non spécifié
Génie Industriel,gestion de production,COORDINATEUR DE PRODUCTION (H/F),CRIT MAROC,Non spécifié,Non spécifié,Non spécifié
Génie Industriel,supply chain,SUPPLY CHAIN & LOGISTICS ASSOCIATE,JTI - Japan Tobacco International,Non spécifié,Non spécifié,Non spécifié
Génie Industriel,lean manufacturing,Offre: Qse manager,GECAM,Non spécifié,Non spécifié,Non spécifié
Génie Industriel,gestion de production,Responsable d’Achats / Stocks et Facturation avec Expérience en Douanes,Grossiste Vape,Non spécifié,Non spécifié,Non spécifié
Génie Industriel,supply chain,Responsable Supply Chain,Safran,Non spécifié,Non spécifié,Non spécifié
Génie Industriel,lean manufacturing,Superviseur Production,Interface,Non spécifié,Non spécifié,Non spécifié
Génie Industriel,gestion de production,Contrôleur de gestion industriel junior F/H,SAFRAN NACELLES MOROCCO,Non spécifié,Non spécifié,Non spécifié
Génie Industriel,supply chain,Supply chain manager,Nespresso,Non spécifié,Non spécifié,Non spécifié
Génie Industriel,lean manufacturing,Manufacturing Engineer,Hexcel Corporation,Non spécifié,Non spécifié,Non spécifié
Génie Industriel,gestion de production,Assistant(e) contrôle de gestion,Hutchinson,Non spécifié,Non spécifié,Non spécifié
Génie Industriel,supply chain,Gestionnaire de stock,Mediot,Non spécifié,Non spécifié,Non spécifié
Génie Industriel,lean manufacturing,Ingénieur Topographe - Chef d'Équipe - Production,DATAKAD,Non spécifié,Non spécifié,Non spécifié
Génie Industriel,gestion de production,Contrôleur de gestion,GROUPE PARERA,Non spécifié,Non spécifié,Non spécifié
Génie Industriel,supply chain,Acheteur (se) - Approvisionneur (se),TRIGO,Non spécifié,Non spécifié,Non spécifié
Génie Industriel,gestion de production,Gestionnaire de stock,Mediot,Non spécifié,Non spécifié,Non spécifié
Génie Industriel,lean manufacturing,Production Manager,Shimco Aero Morocco,Non spécifié,Non spécifié,Non spécifié
Génie Industriel,supply chain,Coordinateur de flux F/H,Safran,Non spécifié,Non spécifié,Non spécifié
Génie Industriel,gestion de production,CHARGÉ DE PRODUCTION,2M,Non spécifié,Non spécifié,Non spécifié
Génie Industriel,lean manufacturing,Technicien Méthode,Amal,Non spécifié,Non spécifié,Non spécifié
Génie Industriel,supply chain,Stagiaire logistique,Segula Technologies,Non spécifié,Non spécifié,Non spécifié
Génie Industriel,gestion de production,Contrôleur de Gestion,IntelCIA,Non spécifié,Non spécifié,Non spécifié
Génie Industriel,lean manufacturing,Chaudronnier (Expérimenté),MAGHREB STEEL,Non spécifié,Non spécifié,Non spécifié
Génie Industriel,supply chain,Operations Supervisor Morocco,CEVA,Non spécifié,Non spécifié,Non spécifié
Génie Industriel,gestion de production,Acheteur / Économe – Centre de Production – Tanja Balia,Fancy's Gourmet,Non spécifié,Non spécifié,Non spécifié
Génie Industriel,lean manufacturing,Industrial process leader,Talents Partners,Non spécifié,Non spécifié,Non spécifié
Génie Industriel,supply chain,Procurement Executive,Jetex,Non spécifié,Non spécifié,Non spécifié
Génie Industriel,gestion de production,Assistante de production/ meknes,soma,Non spécifié,Non spécifié,Non spécifié
Génie Industriel,lean manufacturing,MANUFACTURING ENGINEER II,TE Connectivity,Non spécifié,Non spécifié,Non spécifié
Génie Industriel,supply chain,Logistics & Operations Analyst,TE Connectivity,Non spécifié,Non spécifié,Non spécifié
Génie Industriel,gestion de production,Superviseur de production F/H,Safran,Non spécifié,Non spécifié,Non spécifié
Génie Industriel,lean manufacturing,Industrial Engineer,Hexcel Corporation,Non spécifié,Non spécifié,Non spécifié
Génie Industriel,supply chain,Order management specialist / casablanca,Multinationale,Non spécifié,Non spécifié,Non spécifié
Génie Industriel,gestion de production,Superviseur de production H/F,Hutchinson,Non spécifié,Non spécifié,Non spécifié
Génie Industriel,lean manufacturing,QUALITY ANALYST,TE Connectivity,Non spécifié,Non spécifié,Non spécifié
Génie Industriel,supply chain,Ingénieur logistique,Interface,Non spécifié,Non spécifié,Non spécifié
Génie Industriel,lean manufacturing,Ingénieur Méthodes Logistiques H/F,Eaton,Non spécifié,Non spécifié,Non spécifié
Génie Industriel,gestion de production,Agent / responsable gestion de stock et logistique,CREATIKA,Non spécifié,Non spécifié,Non spécifié
Génie Industriel,lean manufacturing,Ingénieur support technique,JOBPLUS,Non spécifié,Non spécifié,Non spécifié
Génie Industriel,gestion de production,Responsable de planification pour société industrielle de plasturgie à AIN SEBAA,CRIT MAROC,Non spécifié,Non spécifié,Non spécifié
Génie Industriel,supply chain,In Store Logistics Manager,IKEA,Non spécifié,Non spécifié,Non spécifié
Génie Industriel,supply chain,Assistant Supply chain H/F,CRIT MAROC,Non spécifié,Non spécifié,Non spécifié
Génie Industriel,logistique industrielle,Magasinier/magasinière à (q.industriel) marrakech,KOUNOUZ,Non spécifié,Non spécifié,Non spécifié
Génie Industriel,logistique industrielle,Responsable logistique (Dar bouazza),Colorado,Non spécifié,Non spécifié,Non spécifié
Génie Industriel,logistique industrielle,Chef d'équipe logistique,Non spécifié,Non spécifié,Non spécifié,Non spécifié
Génie Industriel,logistique industrielle,superviseur logistique,ARaymond,Non spécifié,Non spécifié,Non spécifié
Génie Industriel,logistique industrielle,Manager Logistique Usine,BEINTERIM,Non spécifié,Non spécifié,Non spécifié
Génie Industriel,logistique industrielle,Responsable approvisionnement / casablanca,Industrie,Non spécifié,Non spécifié,Non spécifié
Génie Industriel,logistique industrielle,Offre: Responsable Usine,VHP ASSIST,Non spécifié,Non spécifié,Non spécifié
Génie Industriel,logistique industrielle,Superviseur Production,Interface,Non spécifié,Non spécifié,Non spécifié
Génie Industriel,logistique industrielle,Acheteur industriel,PHARMA 5,Non spécifié,Non spécifié,Non spécifié
Génie Industriel,logistique industrielle,superviseur logistique,ARaymond,Non spécifié,Non spécifié,Non spécifié
Génie Industriel,logistique industrielle,Danone Operation Future Leaders Program,Danone,Non spécifié,Non spécifié,Non spécifié
Génie Industriel,logistique industrielle,Responsable Supply Chain,Safran,Non spécifié,Non spécifié,Non spécifié
Génie Industriel,logistique industrielle,Agent de production / casablanca,RHS EMPLOI,Non spécifié,Non spécifié,Non spécifié
Génie Industriel,logistique industrielle,Approvisionneur F/H,Safran,Non spécifié,Non spécifié,Non spécifié
Génie Industriel,logistique industrielle,Technicien Support Achats et Logistique,kelmo,Non spécifié,Non spécifié,Non spécifié
"Génie Civil, Bâtiments et Travaux Publics",ingénieur génie civil,Ingénieur en Bureau d'Études Génie Civil | Casablanca,JOB CALL AFRICA,Non spécifié,Non spécifié,Non spécifié
"Génie Civil, Bâtiments et Travaux Publics",conducteur de travaux,Maîtrise d'ouvrage/Conducteur de travaux,Stoniz SAS,Non spécifié,Non spécifié,Non spécifié
"Génie Civil, Bâtiments et Travaux Publics",BTP,technicien spécialisé en BTP,NOBLE TRADING,Non spécifié,Non spécifié,Non spécifié
"Génie Civil, Bâtiments et Travaux Publics",ingénieur génie civil,Ingénieur en Génie Civil -Tanger-,Cercle RH,Non spécifié,Non spécifié,Non spécifié
"Génie Civil, Bâtiments et Travaux Publics",BTP,Technicien en génie civil / btp / tanger,Best profil,Non spécifié,Non spécifié,Non spécifié
"Génie Civil, Bâtiments et Travaux Publics",conducteur de travaux,CONDUCTEUR DE TRAVAUX,BESIX,Non spécifié,Non spécifié,Non spécifié
"Génie Civil, Bâtiments et Travaux Publics",ingénieur génie civil,Ingénieur Chef de Projet en Génie Civil - Rabat -,Cercle RH,Non spécifié,Non spécifié,Non spécifié
"Génie Civil, Bâtiments et Travaux Publics",BTP,Technicien Génie civil,Atelier Vert Group,Non spécifié,Non spécifié,Non spécifié
"Génie Civil, Bâtiments et Travaux Publics",conducteur de travaux,Conducteur de travaux Caténaires H/F,Groupe NGE,Non spécifié,Non spécifié,Non spécifié
"Génie Civil, Bâtiments et Travaux Publics",ingénieur génie civil,ingénieur de planification OPC,société ANNONYME,Non spécifié,Non spécifié,Non spécifié
"Génie Civil, Bâtiments et Travaux Publics",BTP,Technicien btp,CONCREFIELD,Non spécifié,Non spécifié,Non spécifié
"Génie Civil, Bâtiments et Travaux Publics",conducteur de travaux,Conducteur de Travaux,Orbis Holding,Non spécifié,Non spécifié,Non spécifié
"Génie Civil, Bâtiments et Travaux Publics",ingénieur génie civil,Ingénieur en génie civil H/F,qc conseil,Non spécifié,Non spécifié,Non spécifié
"Génie Civil, Bâtiments et Travaux Publics",BTP,Technicien BTP,LM2G,Non spécifié,Non spécifié,Non spécifié
"Génie Civil, Bâtiments et Travaux Publics",conducteur de travaux,Conducteur de travaux gros œuvre H/F,RS BUILDING,Non spécifié,Non spécifié,Non spécifié
"Génie Civil, Bâtiments et Travaux Publics",ingénieur génie civil,Ingénieur de travaux GCI confirmé ( H/F),VINCI Construction,Non spécifié,Non spécifié,Non spécifié
"Génie Civil, Bâtiments et Travaux Publics",BTP,Ingénieur étude de prix BTP,CMS,Non spécifié,Non spécifié,Non spécifié
"Génie Civil, Bâtiments et Travaux Publics",conducteur de travaux,Conducteur de travaux,BTP,Non spécifié,Non spécifié,Non spécifié
"Génie Civil, Bâtiments et Travaux Publics",ingénieur génie civil,Technicien en Génie Civil (Contrat de Mission),PROMAN MAROC,Non spécifié,Non spécifié,Non spécifié
"Génie Civil, Bâtiments et Travaux Publics",BTP,Magasinier chantier BTP,Groupe arwa immobilier,Non spécifié,Non spécifié,Non spécifié
"Génie Civil, Bâtiments et Travaux Publics",conducteur de travaux,Conducteur de Travaux,Yamed Capital,Non spécifié,Non spécifié,Non spécifié
"Génie Civil, Bâtiments et Travaux Publics",BTP,responsable qualité btp,LM2G,Non spécifié,Non spécifié,Non spécifié
"Génie Civil, Bâtiments et Travaux Publics",ingénieur génie civil,Ingénier en génie civil,CIVIL STUDY CONSTRUCTION,Non spécifié,Non spécifié,Non spécifié
"Génie Civil, Bâtiments et Travaux Publics",conducteur de travaux,CONDUCTEUR TRAVAUX,EDIMAB,Non spécifié,Non spécifié,Non spécifié
"Génie Civil, Bâtiments et Travaux Publics",ingénieur génie civil,Ingénieur en génie électrique / génie civil,Société situé à Youssoufia,Non spécifié,Non spécifié,Non spécifié
"Génie Civil, Bâtiments et Travaux Publics",BTP,Ingénieur btp / rabat,Construction BTP,Non spécifié,Non spécifié,Non spécifié
"Génie Civil, Bâtiments et Travaux Publics",conducteur de travaux,Conducteur de travaux Génie Civil / VRD,DRC,Non spécifié,Non spécifié,Non spécifié
"Génie Civil, Bâtiments et Travaux Publics",ingénieur génie civil,Ingénieur d’état en génie civile,Groupe IKAMATI,Non spécifié,Non spécifié,Non spécifié
"Génie Civil, Bâtiments et Travaux Publics",BTP,Assitant(e) technique / Doc Controller BTP,CMS,Non spécifié,Non spécifié,Non spécifié
"Génie Civil, Bâtiments et Travaux Publics",conducteur de travaux,CONDUCTEUR DES TRAVAUX,GRH MAROC,Non spécifié,Non spécifié,Non spécifié
"Génie Civil, Bâtiments et Travaux Publics",ingénieur génie civil,Ingénieur HSE (H/F),VINCI Construction,Non spécifié,Non spécifié,Non spécifié
"Génie Civil, Bâtiments et Travaux Publics",BTP,Ingénieur Qualité BTP,Construction management service,Non spécifié,Non spécifié,Non spécifié
"Génie Civil, Bâtiments et Travaux Publics",conducteur de travaux,Conducteur travaux /rabat,Construction BTP,Non spécifié,Non spécifié,Non spécifié
"Génie Civil, Bâtiments et Travaux Publics",ingénieur génie civil,Ingénieur / Coordinateur qualité (H/F),VINCI Construction,Non spécifié,Non spécifié,Non spécifié
"Génie Civil, Bâtiments et Travaux Publics",BTP,Coordinateur technique H/F - BTP-,RS BUILDING,Non spécifié,Non spécifié,Non spécifié
"Génie Civil, Bâtiments et Travaux Publics",conducteur de travaux,MÉTREUR TRAVAUX PUBLICS,Construction management service,Non spécifié,Non spécifié,Non spécifié
"Génie Civil, Bâtiments et Travaux Publics",ingénieur génie civil,Ingénieur Post Tension,Consthunting,Non spécifié,Non spécifié,Non spécifié
"Génie Civil, Bâtiments et Travaux Publics",BTP,Superviseur Qualité BTP,Construction management service,Non spécifié,Non spécifié,Non spécifié
"Génie Civil, Bâtiments et Travaux Publics",conducteur de travaux,Gestionnaire de chantier,VINCI Construction,Non spécifié,Non spécifié,Non spécifié
"Génie Civil, Bâtiments et Travaux Publics",ingénieur génie civil,Ingénieur planification,VINCI Construction,Non spécifié,Non spécifié,Non spécifié
"Génie Civil, Bâtiments et Travaux Publics",BTP,Opérateurs(trices) qualifié(e)s - berrechid,Société de Céramique,Non spécifié,Non spécifié,Non spécifié
"Génie Civil, Bâtiments et Travaux Publics",conducteur de travaux,Recrutement technicien+chargé d'affaires,Non spécifié,Non spécifié,Non spécifié,Non spécifié
"Génie Civil, Bâtiments et Travaux Publics",ingénieur génie civil,Ingénieur travaux / casablanca,Artus,Non spécifié,Non spécifié,Non spécifié
"Génie Civil, Bâtiments et Travaux Publics",conducteur de travaux,Conducteur / ingénieur travaux hydraulique,VINCI Construction,Non spécifié,Non spécifié,Non spécifié
"Génie Civil, Bâtiments et Travaux Publics",BTP,Offre: INGENIEUR GENIE CIVIL,ATELIER VERT,Non spécifié,Non spécifié,Non spécifié
Génie Financier,ingénieur financier,Ingénieur d’état en fluides,Entreprise G,Non spécifié,Non spécifié,Non spécifié
Génie Financier,ingénieur financier,ingénieur de planification OPC,société ANNONYME,Non spécifié,Non spécifié,Non spécifié
Génie Financier,audit,Comptables,Non spécifié,Non spécifié,Non spécifié,Non spécifié
Génie Financier,analyste financier,Comptable / Analyste Financier (H/F) – Poste basé à Rabat,PROMAN MAROC,Non spécifié,Non spécifié,Non spécifié
Génie Financier,ingénieur financier,Ingénieur travaux / casablanca,Artus,Non spécifié,Non spécifié,Non spécifié
Génie Financier,analyste financier,Analyste Junior Project Finance Infrastructure & Energy - Casablanca - 2025 H/F,Forvis Mazars,Non spécifié,Non spécifié,Non spécifié
Génie Financier,ingénieur financier,Ingénieur étude et développement informatique,Sypex,Non spécifié,Non spécifié,Non spécifié
Génie Financier,audit,Stagiaire en Audit Interne,PROMAMEC,Non spécifié,Non spécifié,Non spécifié
Génie Financier,analyste financier,Analyste financier H/F,ifcarsolutions,Non spécifié,Non spécifié,Non spécifié
Génie Financier,ingénieur financier,Ingénieur Assistant Achats en Construction d'entrepots,Cubic 33,Non spécifié,Non spécifié,Non spécifié
Génie Financier,audit,Audit & Risk Manager,Interface,Non spécifié,Non spécifié,Non spécifié
Génie Financier,analyste financier,ANALYSTE FINANCIER (H/F ),IFCAR SOLUTIONS,Non spécifié,Non spécifié,Non spécifié
Génie Financier,ingénieur financier,Ingénieur Travaux H/F,Groupe NGE,Non spécifié,Non spécifié,Non spécifié
Génie Financier,audit,Stagiaire en Audit Interne,Sorec,Non spécifié,Non spécifié,Non spécifié
Génie Financier,analyste financier,Analyste Financier Senior,Interface,Non spécifié,Non spécifié,Non spécifié
Génie Financier,ingénieur financier,Ingénieur Structure - Casablanca,LPEE,Non spécifié,Non spécifié,Non spécifié
Génie Financier,audit,AUDITEUR INTERNE,CIH Bank,Non spécifié,Non spécifié,Non spécifié
Génie Financier,analyste financier,Analyste risque crédit,CIH Bank,Non spécifié,Non spécifié,Non spécifié
Génie Financier,ingénieur financier,INGÉNIEUR MÉTHODES,Ifcar Solutions,Non spécifié,Non spécifié,Non spécifié
Génie Financier,audit,Besoins hôtellerie à tanger,GMCE,Non spécifié,Non spécifié,Non spécifié
Génie Financier,analyste financier,Analyste Junior/ Senior en Deals,PwC,Non spécifié,Non spécifié,Non spécifié
Génie Financier,ingénieur financier,Ingénieur Etude de Prix H/F,Bymaro,Non spécifié,Non spécifié,Non spécifié
Génie Financier,audit,Stage en Audit IT,PwC,Non spécifié,Non spécifié,Non spécifié
Génie Financier,analyste financier,ANALYSTES RISQUES DU SYSTEME FINANCIER (H/F),Bank Al-Maghreb,Non spécifié,Non spécifié,Non spécifié
Génie Financier,ingénieur financier,Ingénieur consultant,Sypex,Non spécifié,Non spécifié,Non spécifié
Génie Financier,audit,Chef d'Équipe Comptable Bilingue (FR/EN),BeLocum,Non spécifié,Non spécifié,Non spécifié
Génie Financier,analyste financier,Ingénieur analyste support applicatif bancaire,SBS,Non spécifié,Non spécifié,Non spécifié
Génie Financier,ingénieur financier,Ingénieur opérations commerciales services VSL - H/F,GE Vernova,Non spécifié,Non spécifié,Non spécifié
Génie Financier,ingénieur financier,Ingénieur(e) Technico-Fonctionnel(le) Junior & Confirmé(e) – Casablanca,Entreprise SA,Non spécifié,Non spécifié,Non spécifié
Génie Financier,audit,Consultant(e) Junior – Fonction Finance,PwC,Non spécifié,Non spécifié,Non spécifié
Génie Financier,analyste financier,BUSINESS ANALYST FINANCE (H/F),label vie,Non spécifié,Non spécifié,Non spécifié
Génie Financier,ingénieur financier,Ingénieur d’affaires,Sypex,Non spécifié,Non spécifié,Non spécifié
Génie Financier,audit,Caissier/ beni mellal,AKDITAL,Non spécifié,Non spécifié,Non spécifié
Génie Financier,analyste financier,ENERGY COMPLIANCE ANALYST,Leyton Maroc,Non spécifié,Non spécifié,Non spécifié
Génie Financier,ingénieur financier,Ingénieur R&D finance marchés des capitaux,Sypex,Non spécifié,Non spécifié,Non spécifié
Génie Financier,audit,Auditeur Interne Junior,SEWS CABIND MAROC,Non spécifié,Non spécifié,Non spécifié
Génie Financier,analyste financier,Analyste ALM,CIH Bank,Non spécifié,Non spécifié,Non spécifié
Génie Financier,ingénieur financier,Data ingénieur,Neoptim Consulting,Non spécifié,Non spécifié,Non spécifié
Génie Financier,analyste financier,Business Analyst - Plateforme Finance Afrique (REF01),Trusted Advisors,Non spécifié,Non spécifié,Non spécifié
Génie Financier,audit,Offre: Financier Junior – Salé,REKRUT'ACADEMY,Non spécifié,Non spécifié,Non spécifié
Génie Financier,audit,Analyste Junior/ Senior en Deals,PwC,Non spécifié,Non spécifié,Non spécifié
Génie Financier,analyste financier,Value Optimisation Analyst,Segula Technologies,Non spécifié,Non spécifié,Non spécifié
Génie Financier,audit,RAF - Holding,Interface,Non spécifié,Non spécifié,Non spécifié
Génie Financier,analyste financier,Analyste de Crédit PRO TPE Expérimenté,CIH Bank,Non spécifié,Non spécifié,Non spécifié
Génie Financier,audit,Gestionnaire back office commerce international / casablanca,prestation de service,Non spécifié,Non spécifié,Non spécifié
